task,robot,model,checkpoint,action,success_rate
PnPCounterToSink,PandaOGGripper,base--panda_og_pnp,1_0k,act,2.0
PnPCounterToSink,PandaOGGripper,base--panda_og_pnp,3_0k,act,4.0
PnPCounterToSink,PandaOGGripper,base--panda_og_pnp,2_0k,act,4.0
PnPCounterToSink,PandaOGGripper,aux--panda_og+mg_pnp,2_0k,act,25.0
PnPCounterToSink,PandaOGGripper,aux--panda_og+mg_pnp,3_0k,act,37.0
PnPCounterToSink,PandaOGGripper,aux--panda_og+mg_pnp,1_0k,act,32.0
PnPCounterToSink,PandaOGGripper,base--panda_og+mg_pnp,1_0k,act,5.0
PnPCounterToSink,PandaOGGripper,base--panda_og+mg_pnp,3_0k,act,8.0
PnPCounterToSink,PandaOGGripper,base--panda_og+mg_pnp,2_0k,act,9.0
PnPCounterToSink,PandaOGGripper,aux--panda_og+mg_pnp_lite,1_0k,ee,18.0
PnPCounterToSink,PandaOGGripper,aux--panda_og+mg_pnp_lite,1_0k,act,19.0
PnPCounterToSink,PandaOGGripper,aux--panda_og+mg_pnp_lite,1_0k,bbox,24.0
PnPCounterToSink,PandaOGGripper,aux--panda_og+mg_pnp_lite,1_0k,lm,18.0
PnPCounterToSink,PandaOGGripper,aux--panda_og+mg_pnp_lite,2_0k,ee,25.0
PnPCounterToSink,PandaOGGripper,aux--panda_og+mg_pnp_lite,2_0k,lm,16.0
PnPCounterToSink,PandaOGGripper,aux--panda_og+mg_pnp_lite,2_0k,bbox,21.0
PnPCounterToSink,PandaOGGripper,aux--panda_og+mg_pnp_lite,2_0k,act,20.0
PnPCounterToSink,PandaOGGripper,aux--panda_og+mg_pnp_lite,3_0k,act,20.0
PnPCounterToSink,PandaOGGripper,aux--panda_og+mg_pnp_lite,3_0k,ee,21.0
PnPCounterToSink,PandaOGGripper,aux--panda_og+mg_pnp_lite,3_0k,bbox,18.0
PnPCounterToSink,PandaOGGripper,aux--panda_og+mg_pnp_lite,3_0k,lm,18.0
PnPCounterToSink,PandaOGGripper,aux--mg_pnp,250_0k,act,0.0
PnPCounterToSink,PandaOGGripper,aux--mg_pnp,200_0k,act,1.0
PnPCounterToSink,PandaOGGripper,aux--mg_pnp,150_0k,act,4.0
PnPCounterToSink,PandaOGGripper,aux--panda_og_pnp,2_0k,act,12.0
PnPCounterToSink,PandaOGGripper,aux--panda_og_pnp,3_0k,act,10.0
PnPCounterToSink,PandaOGGripper,aux--panda_og_pnp,1_0k,act,8.0
PnPCounterToSink,PandaOGGripper,lm--panda_og+mg_pnp_lite,3_0k,act,7.0
PnPCounterToSink,PandaOGGripper,lm--panda_og+mg_pnp_lite,2_0k,act,4.0
PnPCounterToSink,PandaOGGripper,lm--panda_og+mg_pnp_lite,1_0k,act,6.0
PnPCounterToSink,PandaOGGripper,bbox--panda_og+mg_pnp_lite,2_0k,act,4.0
PnPCounterToSink,PandaOGGripper,bbox--panda_og+mg_pnp_lite,3_0k,act,10.0
PnPCounterToSink,PandaOGGripper,bbox--panda_og+mg_pnp_lite,1_0k,act,10.0
PnPCounterToSink,PandaOGGripper,aux--panda_og+mg_panda_og_pnp,2_0k,act,54.0
PnPCounterToSink,PandaOGGripper,aux--panda_og+mg_panda_og_pnp,3_0k,act,57.0
PnPCounterToSink,PandaOGGripper,aux--panda_og+mg_panda_og_pnp,1_0k,act,56.0
PnPCounterToSink,PandaOGGripper,ee--panda_og+mg_pnp_lite,1_0k,act,23.0
PnPCounterToSink,PandaOGGripper,ee--panda_og+mg_pnp_lite,2_0k,act,21.0
PnPCounterToSink,PandaOGGripper,ee--panda_og+mg_pnp_lite,3_0k,act,29.0
PnPCounterToSink,PandaOGGripper,base--panda_og+mg_panda_og_pnp,3_0k,act,30.0
PnPCounterToSink,PandaOGGripper,base--panda_og+mg_panda_og_pnp,2_0k,act,30.0
PnPCounterToSink,PandaOGGripper,base--panda_og+mg_panda_og_pnp,1_0k,act,28.0
PnPCounterToSink,PandaOGGripper,base--mg_pnp,200_0k,act,0.0
PnPCounterToSink,PandaOGGripper,base--mg_pnp,150_0k,act,0.0
PnPCounterToSink,PandaOGGripper,base--mg_pnp,250_0k,act,1.0
PnPCounterToSink,PandaOGGripper,aux_no_act--panda_og+mg_pnp_lite,3_0k,act,8.0
PnPCounterToSink,PandaOGGripper,aux_no_act--panda_og+mg_pnp_lite,5_0k,act,5.0
PnPCounterToSink,PandaOGGripper,aux_no_act--panda_og+mg_pnp_lite,4_0k,act,8.0
PnPCounterToSink,PandaOGGripper,base--panda_og+mg_pnp_lite,1_0k,act,0.0
PnPCounterToSink,PandaOGGripper,base--panda_og+mg_pnp_lite,3_0k,act,6.0
PnPCounterToSink,PandaOGGripper,base--panda_og+mg_pnp_lite,2_0k,act,5.0
PnPCounterToSink,PandaOGGripper,chain--panda_og+mg_pnp_lite,1_0k,act,18.0
PnPCounterToSink,PandaOGGripper,chain--panda_og+mg_pnp_lite,2_0k,act,15.0
PnPCounterToSink,PandaOGGripper,chain--panda_og+mg_pnp_lite,3_0k,act,15.0
PnPCounterToSink,Jaco,base--mg_pnp_lite,30_0k,act,16.0
PnPCounterToSink,Jaco,base--mg_pnp_lite,50k,act,13.0
PnPCounterToSink,Jaco,base--mg_pnp_lite,40_0k,act,11.0
PnPCounterToSink,Jaco,ee--jaco+mg_pnp_lite,2k,act,37.0
PnPCounterToSink,Jaco,ee--jaco+mg_pnp_lite,3k,act,34.0
PnPCounterToSink,Jaco,ee--jaco+mg_pnp_lite,1k,act,34.0
PnPCounterToSink,Jaco,aux--jaco+mg_pnp_lite,3k,act,42.0
PnPCounterToSink,Jaco,aux--jaco+mg_pnp_lite,2k,act,48.0
PnPCounterToSink,Jaco,aux--jaco+mg_pnp_lite,1k,act,36.0
PnPCounterToSink,Jaco,chain--jaco+mg_pnp_lite,2_0k,act,31.0
PnPCounterToSink,Jaco,chain--jaco+mg_pnp_lite,3_0k,act,38.0
PnPCounterToSink,Jaco,chain--jaco+mg_pnp_lite,1_0k,act,40.0
PnPCounterToSink,Jaco,aux_no_act--jaco+mg_pnp_lite,4k,act,34.0
PnPCounterToSink,Jaco,aux_no_act--jaco+mg_pnp_lite,3k,act,39.0
PnPCounterToSink,Jaco,aux_no_act--jaco+mg_pnp_lite,5k,act,41.0
PnPCounterToSink,Jaco,aux_only--jaco+mg_pnp_lite,3k,act,31.0
PnPCounterToSink,Jaco,aux_only--jaco+mg_pnp_lite,4k,act,27.0
PnPCounterToSink,Jaco,aux_only--jaco+mg_pnp_lite,5k,act,40.0
PnPCounterToSink,Jaco,base--jaco+mg_pnp_lite,1k,act,21.0
PnPCounterToSink,Jaco,base--jaco+mg_pnp_lite,3k,act,21.0
PnPCounterToSink,Jaco,base--jaco+mg_pnp_lite,2k,act,22.0
PnPCounterToSink,Jaco,aux--jaco_pnp,2k,act,7.0
PnPCounterToSink,Jaco,aux--jaco_pnp,3k,act,10.0
PnPCounterToSink,Jaco,aux--jaco_pnp,1k,act,8.0
PnPCounterToSink,Jaco,aux--jaco+mg_pnp,1k,act,39.0
PnPCounterToSink,Jaco,aux--jaco+mg_pnp,1k,bbox,34.0
PnPCounterToSink,Jaco,aux--jaco+mg_pnp,1k,lm,44.0
PnPCounterToSink,Jaco,aux--jaco+mg_pnp,1k,ee,40.0
PnPCounterToSink,Jaco,aux--jaco+mg_pnp,3k,ee,37.0
PnPCounterToSink,Jaco,aux--jaco+mg_pnp,3k,bbox,36.0
PnPCounterToSink,Jaco,aux--jaco+mg_pnp,3k,lm,37.0
PnPCounterToSink,Jaco,aux--jaco+mg_pnp,3k,act,27.0
PnPCounterToSink,Jaco,aux--jaco+mg_pnp,2k,lm,26.0
PnPCounterToSink,Jaco,aux--jaco+mg_pnp,2k,act,28.0
PnPCounterToSink,Jaco,aux--jaco+mg_pnp,2k,bbox,23.0
PnPCounterToSink,Jaco,aux--jaco+mg_pnp,2k,ee,25.0
PnPCounterToSink,Jaco,chain--mg_pnp_lite,50_0k,act,10.0
PnPCounterToSink,Jaco,chain--mg_pnp_lite,40_0k,act,9.0
PnPCounterToSink,Jaco,chain--mg_pnp_lite,30_0k,act,12.0
PnPCounterToSink,Jaco,aux--jaco+mg_jaco_pnp,3_0k,act,44.0
PnPCounterToSink,Jaco,aux--jaco+mg_jaco_pnp,2_0k,act,28.0
PnPCounterToSink,Jaco,aux--jaco+mg_jaco_pnp,1_0k,act,44.0
PnPCounterToSink,Jaco,lm--jaco+mg_pnp_lite,2k,act,31.0
PnPCounterToSink,Jaco,lm--jaco+mg_pnp_lite,3k,act,39.0
PnPCounterToSink,Jaco,lm--jaco+mg_pnp_lite,1k,act,41.0
PnPCounterToSink,Jaco,aux_old--jaco+mg_pnp,3k,act_2,28.0
PnPCounterToSink,Jaco,aux_old--jaco+mg_pnp,3k,act,25.0
PnPCounterToSink,Jaco,aux_old--jaco+mg_pnp,2k,act,34.0
PnPCounterToSink,Jaco,aux_old--jaco+mg_pnp,1k,act,29.0
PnPCounterToSink,Jaco,bbox--jaco+mg_pnp_lite,2k,act,24.0
PnPCounterToSink,Jaco,bbox--jaco+mg_pnp_lite,3k,act,28.0
PnPCounterToSink,Jaco,bbox--jaco+mg_pnp_lite,1k,act,22.0
PnPCounterToSink,Jaco,aux--mg_pnp_lite,50k,act,10.0
PnPCounterToSink,Jaco,aux--mg_pnp_lite,40_0k,act,13.0
PnPCounterToSink,Jaco,aux--mg_pnp_lite,30_0k,act,13.0
PnPCounterToSink,Jaco,base--jaco+mg_pnp,1k,act,27.0
PnPCounterToSink,Jaco,base--jaco+mg_pnp,1k,act_2,25.0
PnPCounterToSink,Jaco,base--jaco+mg_pnp,3k,act,23.0
PnPCounterToSink,Jaco,base--jaco+mg_pnp,2k,act,31.0
PnPCounterToSink,Jaco,base--mg_pnp,150k,act,4.0
PnPCounterToSink,Jaco,base--mg_pnp,200_0k,act,8.0
PnPCounterToSink,Jaco,base--mg_pnp,250_0k,act,11.0
PnPCounterToSink,Jaco,base--jaco_pnp,3k,act,5.0
PnPCounterToSink,Jaco,base--jaco_pnp,2k,act,2.0
PnPCounterToSink,Jaco,base--jaco_pnp,1k,act,7.0
PnPCounterToSink,Jaco,aux--mg_pnp,250k,act,27.0
PnPCounterToSink,Jaco,aux--mg_pnp,150_0k,act,27.0
PnPCounterToSink,Jaco,aux--mg_pnp,200_0k,act,29.0
PnPCounterToSink,Jaco,base--jaco+mg_jaco_pnp,3_0k,act,41.0
PnPCounterToSink,Jaco,base--jaco+mg_jaco_pnp,2_0k,act,37.0
PnPCounterToSink,Jaco,base--jaco+mg_jaco_pnp,1_0k,act,29.0
PnPCounterToSink,IIWA,aux--mg_iiwa_pnp,30k,act,62.0
PnPCounterToSink,IIWA,aux--mg_iiwa_pnp,50k,act,60.0
PnPCounterToSink,IIWA,aux--mg_iiwa_pnp,40k,act,55.0
PnPCounterToSink,IIWA,base--mg_iiwa_pnp,30k,act,41.0
PnPCounterToSink,IIWA,base--mg_iiwa_pnp,40k,act,37.0
PnPCounterToSink,IIWA,base--mg_iiwa_pnp,50k,act,37.0
PnPCounterToSink,IIWA,base--mg_iiwa_pnp_lite,10k,act,13.0
PnPCounterToSink,IIWA,base--mg_iiwa_pnp_lite,20k,act,8.0
PnPCounterToSink,IIWA,base--mg_iiwa_pnp_lite,30k,act,14.0
PnPCounterToSink,IIWA,aux--mg_pnp_lite,30k,act,39.0
PnPCounterToSink,IIWA,aux--mg_pnp_lite,40k,act,51.0
PnPCounterToSink,IIWA,aux--mg_pnp_lite,50k,act,53.0
PnPCounterToSink,IIWA,aux--mg_iiwa_pnp_lite,20k,act,29.0
PnPCounterToSink,IIWA,aux--mg_iiwa_pnp_lite,30k,act,33.0
PnPCounterToSink,IIWA,aux--mg_iiwa_pnp_lite,10k,act,30.0
PnPCounterToSink,IIWA,base--mg_pnp,200k,act,32.0
PnPCounterToSink,IIWA,base--mg_pnp,250k,act,37.0
PnPCounterToSink,IIWA,base--mg_pnp,150k,act,42.0
PnPCounterToSink,IIWA,aux--mg_pnp,150k,act,52.0
PnPCounterToSink,IIWA,aux--mg_pnp,250k,act,57.0
PnPCounterToSink,IIWA,aux--mg_pnp,200k,act,61.0
PnPCounterToSink,IIWA,base--mg_pnp_lite,40k,act,36.0
PnPCounterToSink,IIWA,base--mg_pnp_lite,50k,act,37.0
PnPCounterToSink,IIWA,base--mg_pnp_lite,30k,act,25.0
PnPCounterToSink,Panda,chain--mg_pnp_lite,30_0k,act,6.0
PnPCounterToSink,Panda,chain--mg_pnp_lite,40_0k,act,3.0
PnPCounterToSink,Panda,chain--mg_pnp_lite,50_0k,act,3.0
PnPCounterToSink,Panda,base--panda+mg_pnp,3k,act,26.0
PnPCounterToSink,Panda,base--panda+mg_pnp,2k,act,24.0
PnPCounterToSink,Panda,base--panda+mg_pnp,1k,act,21.0
PnPCounterToSink,Panda,lm--panda+mg_pnp_lite,2k,act,9.0
PnPCounterToSink,Panda,lm--panda+mg_pnp_lite,3k,act,13.0
PnPCounterToSink,Panda,lm--panda+mg_pnp_lite,1k,act,13.0
PnPCounterToSink,Panda,base--panda_pnp,3k,act,5.0
PnPCounterToSink,Panda,base--panda_pnp,2k,act,5.0
PnPCounterToSink,Panda,base--panda_pnp,1k,act,3.0
PnPCounterToSink,Panda,bbox--panda+mg_pnp_lite,2k,act,18.0
PnPCounterToSink,Panda,bbox--panda+mg_pnp_lite,3k,act,22.0
PnPCounterToSink,Panda,bbox--panda+mg_pnp_lite,1k,act,17.0
PnPCounterToSink,Panda,aux--panda_pnp,1k,act,9.0
PnPCounterToSink,Panda,aux--panda_pnp,3k,act,20.0
PnPCounterToSink,Panda,aux--panda_pnp,2k,act,20.0
PnPCounterToSink,Panda,base--mg_pnp_lite,50k,act,3.0
PnPCounterToSink,Panda,base--mg_pnp_lite,30_0k,act,7.0
PnPCounterToSink,Panda,base--mg_pnp_lite,40_0k,act,5.0
PnPCounterToSink,Panda,aux_no_act--panda+mg_pnp_lite,3k,act,28.0
PnPCounterToSink,Panda,aux_no_act--panda+mg_pnp_lite,4k,act,20.0
PnPCounterToSink,Panda,aux_no_act--panda+mg_pnp_lite,5k,act,29.0
PnPCounterToSink,Panda,base--panda+mg_panda_pnp,3_0k,act,15.0
PnPCounterToSink,Panda,base--panda+mg_panda_pnp,2_0k,act,24.0
PnPCounterToSink,Panda,base--panda+mg_panda_pnp,1_0k,act,28.0
PnPCounterToSink,Panda,aux--panda+mg_pnp,3k,bbox,39.0
PnPCounterToSink,Panda,aux--panda+mg_pnp,3k,lm,34.0
PnPCounterToSink,Panda,aux--panda+mg_pnp,3k,act,38.0
PnPCounterToSink,Panda,aux--panda+mg_pnp,3k,ee,34.0
PnPCounterToSink,Panda,aux--panda+mg_pnp,2k,act,27.0
PnPCounterToSink,Panda,aux--panda+mg_pnp,2k,bbox,25.0
PnPCounterToSink,Panda,aux--panda+mg_pnp,2k,lm,26.0
PnPCounterToSink,Panda,aux--panda+mg_pnp,2k,ee,30.0
PnPCounterToSink,Panda,aux--panda+mg_pnp,1k,lm,42.0
PnPCounterToSink,Panda,aux--panda+mg_pnp,1k,bbox,44.0
PnPCounterToSink,Panda,aux--panda+mg_pnp,1k,act,41.0
PnPCounterToSink,Panda,aux--panda+mg_pnp,1k,ee,36.0
PnPCounterToSink,Panda,aux--mg_pnp_lite,30_0k,act,5.0
PnPCounterToSink,Panda,aux--mg_pnp_lite,40_0k,act,4.0
PnPCounterToSink,Panda,aux--mg_pnp_lite,50k,act,9.0
PnPCounterToSink,Panda,aux_only--panda+mg_pnp_lite,4k,act,10.0
PnPCounterToSink,Panda,aux_only--panda+mg_pnp_lite,3k,act,11.0
PnPCounterToSink,Panda,aux_only--panda+mg_pnp_lite,5k,act,10.0
PnPCounterToSink,Panda,aux_old--panda+mg_pnp_lite,1k,act,31.0
PnPCounterToSink,Panda,aux_old--panda+mg_pnp_lite,2k,act,17.0
PnPCounterToSink,Panda,aux_old--panda+mg_pnp_lite,3k,act,23.0
PnPCounterToSink,Panda,chain--panda+mg_pnp_lite,1_0k,act,22.0
PnPCounterToSink,Panda,chain--panda+mg_pnp_lite,2_0k,act,33.0
PnPCounterToSink,Panda,chain--panda+mg_pnp_lite,3_0k,act,21.0
PnPCounterToSink,Panda,base--panda+mg_pnp_lite,2k,act,8.0
PnPCounterToSink,Panda,base--panda+mg_pnp_lite,3k,act,11.0
PnPCounterToSink,Panda,base--panda+mg_pnp_lite,1k,act,14.0
PnPCounterToSink,Panda,ee--panda+mg_pnp_lite,3k,act,24.0
PnPCounterToSink,Panda,ee--panda+mg_pnp_lite,2k,act,14.0
PnPCounterToSink,Panda,ee--panda+mg_pnp_lite,1k,act,21.0
PnPCounterToSink,Panda,aux--panda+mg_panda_pnp,1_0k,act,37.0
PnPCounterToSink,Panda,aux--panda+mg_panda_pnp,2_0k,act,41.0
PnPCounterToSink,Panda,aux--panda+mg_panda_pnp,3_0k,act,34.0
PnPCounterToSink,Panda,base--mg_pnp,200_0k,act,0.0
PnPCounterToSink,Panda,base--mg_pnp,150k,act,1.0
PnPCounterToSink,Panda,base--mg_pnp,250_0k,act,0.0
PnPCounterToSink,Panda,aux--panda+mg_pnp_lite--image_aug,3k,act_2,24.0
PnPCounterToSink,Panda,aux--panda+mg_pnp_lite--image_aug,5k,act_2,26.0
PnPCounterToSink,Panda,aux--panda+mg_pnp_lite--image_aug,1k,act_2,32.0
PnPCounterToSink,Panda,aux--panda+mg_pnp_lite,1k,act,23.0
PnPCounterToSink,Panda,aux--panda+mg_pnp_lite,2k,act,32.0
PnPCounterToSink,Panda,aux--panda+mg_pnp_lite,3k,act,29.0
PnPCounterToSink,Panda,aux--mg_pnp,250k,act,9.0
PnPCounterToSink,Panda,aux--mg_pnp,200_0k,act,11.0
PnPCounterToSink,Panda,aux--mg_pnp,150_0k,act,12.0
PnPCounterToSink,UR5e,aux--mg_ur5e_pnp,30k,act,30.0
PnPCounterToSink,UR5e,aux--mg_ur5e_pnp,50k,act,37.0
PnPCounterToSink,UR5e,aux--mg_ur5e_pnp,40k,act,33.0
PnPCounterToSink,UR5e,aux--mg_ur5e_pnp_lite,10k,act,10.0
PnPCounterToSink,UR5e,aux--mg_ur5e_pnp_lite,30k,act,14.0
PnPCounterToSink,UR5e,aux--mg_ur5e_pnp_lite,20k,act,14.0
PnPCounterToSink,UR5e,aux--mg_pnp_lite,50k,act,35.0
PnPCounterToSink,UR5e,aux--mg_pnp_lite,40k,act,29.0
PnPCounterToSink,UR5e,aux--mg_pnp_lite,30k,act,36.0
PnPCounterToSink,UR5e,base--mg_ur5e_pnp_lite,10k,act,4.0
PnPCounterToSink,UR5e,base--mg_ur5e_pnp_lite,20k,act,14.0
PnPCounterToSink,UR5e,base--mg_ur5e_pnp_lite,30k,act,9.0
PnPCounterToSink,UR5e,base--mg_ur5e_pnp,50k,act,16.0
PnPCounterToSink,UR5e,base--mg_ur5e_pnp,40k,act,14.0
PnPCounterToSink,UR5e,base--mg_ur5e_pnp,30k,act,12.0
PnPCounterToSink,UR5e,aux--mg_pnp,150k,act,47.0
PnPCounterToSink,UR5e,aux--mg_pnp,250k,act,54.0
PnPCounterToSink,UR5e,aux--mg_pnp,200k,act,45.0
PnPCounterToSink,UR5e,base--mg_pnp_lite,50k,act,18.0
PnPCounterToSink,UR5e,base--mg_pnp_lite,40k,act,8.0
PnPCounterToSink,UR5e,base--mg_pnp_lite,30k,act,14.0
PnPCounterToSink,UR5e,base--mg_pnp,200k,act,24.0
PnPCounterToSink,UR5e,base--mg_pnp,150k,act,29.0
PnPCounterToSink,UR5e,base--mg_pnp,250k,act,18.0
PnPCounterToSink,Kinova,base--mg_kinova_pnp_lite,10k,act,13.0
PnPCounterToSink,Kinova,base--mg_kinova_pnp_lite,20k,act,13.0
PnPCounterToSink,Kinova,base--mg_kinova_pnp_lite,30k,act,11.0
PnPCounterToSink,Kinova,aux--mg_pnp_lite,30k,act,45.0
PnPCounterToSink,Kinova,aux--mg_pnp_lite,50k,act,46.0
PnPCounterToSink,Kinova,aux--mg_pnp_lite,40k,act,40.0
PnPCounterToSink,Kinova,aux--mg_pnp,150k,ee,49.0
PnPCounterToSink,Kinova,aux--mg_pnp,150k,lm,50.0
PnPCounterToSink,Kinova,aux--mg_pnp,150k,act,57.0
PnPCounterToSink,Kinova,aux--mg_pnp,150k,bbox,51.0
PnPCounterToSink,Kinova,aux--mg_pnp,250k,act,53.0
PnPCounterToSink,Kinova,aux--mg_pnp,200k,act,53.0
PnPCounterToSink,Kinova,aux--mg_kinova_pnp_lite,10k,act,36.0
PnPCounterToSink,Kinova,aux--mg_kinova_pnp_lite,30k,act,39.0
PnPCounterToSink,Kinova,aux--mg_kinova_pnp_lite,20k,act,33.0
PnPCounterToSink,Kinova,aux--mg_kinova_pnp,30k,act,62.0
PnPCounterToSink,Kinova,aux--mg_kinova_pnp,40k,act,64.0
PnPCounterToSink,Kinova,aux--mg_kinova_pnp,50k,act,56.0
PnPCounterToSink,Kinova,base--mg_pnp,200k,act,28.0
PnPCounterToSink,Kinova,base--mg_pnp,250k,act,36.0
PnPCounterToSink,Kinova,base--mg_pnp,150k,act,40.0
PnPCounterToSink,Kinova,base--mg_kinova_pnp,30k,act,35.0
PnPCounterToSink,Kinova,base--mg_kinova_pnp,50k,act,38.0
PnPCounterToSink,Kinova,base--mg_kinova_pnp,40k,act,39.0
PnPCounterToSink,Kinova,base--mg_pnp_lite,30k,act,31.0
PnPCounterToSink,Kinova,base--mg_pnp_lite,50k,act,32.0
PnPCounterToSink,Kinova,base--mg_pnp_lite,40k,act,28.0
TurnOnSinkFaucet,UR5e,aux--mg_turn_on_sink_lite,15_0k,act,49.0
TurnOnSinkFaucet,UR5e,aux--mg_turn_on_sink_lite,5_0k,act,51.0
TurnOnSinkFaucet,UR5e,aux--mg_turn_on_sink_lite,10_0k,act,46.0
TurnOnSinkFaucet,UR5e,base--mg_turn_on_sink_lite,10_0k,act,39.0
TurnOnSinkFaucet,UR5e,base--mg_turn_on_sink_lite,15_0k,act,51.0
TurnOnSinkFaucet,UR5e,base--mg_turn_on_sink_lite,5_0k,act,49.0
TurnOnSinkFaucet,UR5e,aux--mg_turn_on_sink,10_0k,act,69.0
TurnOnSinkFaucet,UR5e,aux--mg_turn_on_sink,20_0k,act,56.0
TurnOnSinkFaucet,UR5e,aux--mg_turn_on_sink,30_0k,act,64.0
TurnOnSinkFaucet,UR5e,base--mg_turn_on_sink,10_0k,act,53.0
TurnOnSinkFaucet,UR5e,base--mg_turn_on_sink,30_0k,act,58.0
TurnOnSinkFaucet,UR5e,base--mg_turn_on_sink,20_0k,act,63.0
TurnOnSinkFaucet,PandaOGGripper,base--panda_og+mg_panda_og_turn_on_sink,1_0k,act,41.0
TurnOnSinkFaucet,PandaOGGripper,base--panda_og+mg_panda_og_turn_on_sink,2_0k,act,30.0
TurnOnSinkFaucet,PandaOGGripper,base--panda_og+mg_panda_og_turn_on_sink,1_5k,act,35.0
TurnOnSinkFaucet,PandaOGGripper,aux--mg_turn_on_sink,30_0k,act,2.0
TurnOnSinkFaucet,PandaOGGripper,aux--mg_turn_on_sink,20_0k,act,0.0
TurnOnSinkFaucet,PandaOGGripper,aux--mg_turn_on_sink,10_0k,act,0.0
TurnOnSinkFaucet,PandaOGGripper,base--panda_og+mg_turn_on_sink_lite,2_0k,act,36.0
TurnOnSinkFaucet,PandaOGGripper,base--panda_og+mg_turn_on_sink_lite,1_0k,act,41.0
TurnOnSinkFaucet,PandaOGGripper,base--panda_og+mg_turn_on_sink_lite,1_5k,act,46.0
TurnOnSinkFaucet,PandaOGGripper,base--panda_og+mg_turn_on_sink,1_0k,act,56.0
TurnOnSinkFaucet,PandaOGGripper,base--panda_og+mg_turn_on_sink,2_0k,act,46.0
TurnOnSinkFaucet,PandaOGGripper,base--panda_og+mg_turn_on_sink,1_5k,act,53.0
TurnOnSinkFaucet,PandaOGGripper,aux--panda_og+mg_panda_og_turn_on_sink,1_0k,act,48.0
TurnOnSinkFaucet,PandaOGGripper,aux--panda_og+mg_panda_og_turn_on_sink,2_0k,act,52.0
TurnOnSinkFaucet,PandaOGGripper,aux--panda_og+mg_panda_og_turn_on_sink,1_5k,act,44.0
TurnOnSinkFaucet,PandaOGGripper,aux--panda_og_turn_on_sink,1_5k,act,26.0
TurnOnSinkFaucet,PandaOGGripper,aux--panda_og_turn_on_sink,2_0k,act,23.0
TurnOnSinkFaucet,PandaOGGripper,aux--panda_og_turn_on_sink,1_0k,act,26.0
TurnOnSinkFaucet,PandaOGGripper,aux--panda_og+mg_turn_on_sink_lite,1_5k,ee,39.0
TurnOnSinkFaucet,PandaOGGripper,aux--panda_og+mg_turn_on_sink_lite,1_5k,bbox,46.0
TurnOnSinkFaucet,PandaOGGripper,aux--panda_og+mg_turn_on_sink_lite,1_5k,act,48.0
TurnOnSinkFaucet,PandaOGGripper,aux--panda_og+mg_turn_on_sink_lite,1_5k,lm,47.0
TurnOnSinkFaucet,PandaOGGripper,aux--panda_og+mg_turn_on_sink_lite,1_0k,lm,38.0
TurnOnSinkFaucet,PandaOGGripper,aux--panda_og+mg_turn_on_sink_lite,1_0k,bbox,47.0
TurnOnSinkFaucet,PandaOGGripper,aux--panda_og+mg_turn_on_sink_lite,1_0k,act,46.0
TurnOnSinkFaucet,PandaOGGripper,aux--panda_og+mg_turn_on_sink_lite,1_0k,ee,40.0
TurnOnSinkFaucet,PandaOGGripper,aux--panda_og+mg_turn_on_sink_lite,2_0k,act,35.0
TurnOnSinkFaucet,PandaOGGripper,aux--panda_og+mg_turn_on_sink_lite,2_0k,bbox,39.0
TurnOnSinkFaucet,PandaOGGripper,aux--panda_og+mg_turn_on_sink_lite,2_0k,ee,37.0
TurnOnSinkFaucet,PandaOGGripper,aux--panda_og+mg_turn_on_sink_lite,2_0k,lm,36.0
TurnOnSinkFaucet,PandaOGGripper,base--mg_turn_on_sink,20_0k,act,7.0
TurnOnSinkFaucet,PandaOGGripper,base--mg_turn_on_sink,30_0k,act,6.0
TurnOnSinkFaucet,PandaOGGripper,base--mg_turn_on_sink,10_0k,act,1.0
TurnOnSinkFaucet,PandaOGGripper,aux--panda_og+mg_turn_on_sink,1_0k,act,50.0
TurnOnSinkFaucet,PandaOGGripper,aux--panda_og+mg_turn_on_sink,2_0k,act,43.0
TurnOnSinkFaucet,PandaOGGripper,aux--panda_og+mg_turn_on_sink,1_5k,act,46.0
TurnOnSinkFaucet,PandaOGGripper,base--panda_og_turn_on_sink,1_5k,act,16.0
TurnOnSinkFaucet,PandaOGGripper,base--panda_og_turn_on_sink,1_0k,act,18.0
TurnOnSinkFaucet,PandaOGGripper,base--panda_og_turn_on_sink,2_0k,act,13.0
TurnOnSinkFaucet,Panda,aux--mg_turn_on_sink_lite,15_0k,act,35.0
TurnOnSinkFaucet,Panda,aux--mg_turn_on_sink_lite,10_0k,act,32.0
TurnOnSinkFaucet,Panda,aux--mg_turn_on_sink_lite,5_0k,act,26.0
TurnOnSinkFaucet,Panda,base--panda+mg_panda_turn_on_sink,2_0k,act,40.0
TurnOnSinkFaucet,Panda,base--panda+mg_panda_turn_on_sink,1_0k,act,40.0
TurnOnSinkFaucet,Panda,base--panda+mg_panda_turn_on_sink,1_5k,act,47.0
TurnOnSinkFaucet,Panda,base--panda+mg_turn_on_sink_lite,1_5k,act,58.0
TurnOnSinkFaucet,Panda,base--panda+mg_turn_on_sink_lite,2_0k,act,46.0
TurnOnSinkFaucet,Panda,base--panda+mg_turn_on_sink_lite,1_0k,act_2,61.0
TurnOnSinkFaucet,Panda,base--panda+mg_turn_on_sink_lite,1_0k,act,61.0
TurnOnSinkFaucet,Panda,aux--mg_turn_on_sink,20_0k,act,14.0
TurnOnSinkFaucet,Panda,aux--mg_turn_on_sink,30_0k,act,22.0
TurnOnSinkFaucet,Panda,aux--mg_turn_on_sink,10_0k,act,32.0
TurnOnSinkFaucet,Panda,base--mg_turn_on_sink,10_0k,act,33.0
TurnOnSinkFaucet,Panda,base--mg_turn_on_sink,20_0k,act,21.0
TurnOnSinkFaucet,Panda,base--mg_turn_on_sink,30_0k,act,32.0
TurnOnSinkFaucet,Panda,base--panda+mg_turn_on_sink,1_0k,act,64.0
TurnOnSinkFaucet,Panda,base--panda+mg_turn_on_sink,2_0k,act,65.0
TurnOnSinkFaucet,Panda,base--panda+mg_turn_on_sink,1_5k,act,61.0
TurnOnSinkFaucet,Panda,base--panda_turn_on_sink,2_0k,act,10.0
TurnOnSinkFaucet,Panda,base--panda_turn_on_sink,1_0k,act,17.0
TurnOnSinkFaucet,Panda,base--panda_turn_on_sink,1_5k,act,17.0
TurnOnSinkFaucet,Panda,aux--panda+mg_turn_on_sink,1_0k,lm,84.0
TurnOnSinkFaucet,Panda,aux--panda+mg_turn_on_sink,1_0k,bbox,77.0
TurnOnSinkFaucet,Panda,aux--panda+mg_turn_on_sink,1_0k,act,74.0
TurnOnSinkFaucet,Panda,aux--panda+mg_turn_on_sink,1_0k,ee,75.0
TurnOnSinkFaucet,Panda,aux--panda+mg_turn_on_sink,2_0k,lm,72.0
TurnOnSinkFaucet,Panda,aux--panda+mg_turn_on_sink,2_0k,act,74.0
TurnOnSinkFaucet,Panda,aux--panda+mg_turn_on_sink,2_0k,ee,65.0
TurnOnSinkFaucet,Panda,aux--panda+mg_turn_on_sink,2_0k,bbox,73.0
TurnOnSinkFaucet,Panda,aux--panda+mg_turn_on_sink,1_5k,act,59.0
TurnOnSinkFaucet,Panda,aux--panda+mg_turn_on_sink,1_5k,lm,59.0
TurnOnSinkFaucet,Panda,aux--panda+mg_turn_on_sink,1_5k,bbox,62.0
TurnOnSinkFaucet,Panda,aux--panda+mg_turn_on_sink,1_5k,ee,40.0
TurnOnSinkFaucet,Panda,base--mg_turn_on_sink_lite,10_0k,act,21.0
TurnOnSinkFaucet,Panda,base--mg_turn_on_sink_lite,5_0k,act,31.0
TurnOnSinkFaucet,Panda,base--mg_turn_on_sink_lite,15_0k,act,20.0
TurnOnSinkFaucet,Panda,aux--panda+mg_turn_on_sink_lite,1_5k,act,49.0
TurnOnSinkFaucet,Panda,aux--panda+mg_turn_on_sink_lite,2_0k,act,61.0
TurnOnSinkFaucet,Panda,aux--panda+mg_turn_on_sink_lite,1_0k,act,60.0
TurnOnSinkFaucet,Panda,aux--panda_turn_on_sink,1_0k,act,40.0
TurnOnSinkFaucet,Panda,aux--panda_turn_on_sink,2_0k,act,45.0
TurnOnSinkFaucet,Panda,aux--panda_turn_on_sink,1_5k,act,41.0
TurnOnSinkFaucet,Panda,aux--panda+mg_panda_turn_on_sink,1_0k,act,48.0
TurnOnSinkFaucet,Panda,aux--panda+mg_panda_turn_on_sink,2_0k,act,54.0
TurnOnSinkFaucet,Panda,aux--panda+mg_panda_turn_on_sink,1_5k,act,49.0
TurnOnSinkFaucet,Jaco,base--jaco_turn_on_sink,1_5k,act,3.0
TurnOnSinkFaucet,Jaco,base--jaco_turn_on_sink,2_0k,act,1.0
TurnOnSinkFaucet,Jaco,base--jaco_turn_on_sink,1_0k,act,2.0
TurnOnSinkFaucet,Jaco,aux--jaco+mg_turn_on_sink_lite,2_0k,act,35.0
TurnOnSinkFaucet,Jaco,aux--jaco+mg_turn_on_sink_lite,1_0k,act,34.0
TurnOnSinkFaucet,Jaco,aux--jaco+mg_turn_on_sink_lite,1_5k,act,47.0
TurnOnSinkFaucet,Jaco,aux--mg_turn_on_sink,10_0k,act_2,26.0
TurnOnSinkFaucet,Jaco,aux--mg_turn_on_sink,10_0k,act,23.0
TurnOnSinkFaucet,Jaco,aux--mg_turn_on_sink,30_0k,act,42.0
TurnOnSinkFaucet,Jaco,aux--mg_turn_on_sink,20_0k,act,37.0
TurnOnSinkFaucet,Jaco,base--jaco+mg_jaco_turn_on_sink,1_0k,act,32.0
TurnOnSinkFaucet,Jaco,base--jaco+mg_jaco_turn_on_sink,2_0k,act,41.0
TurnOnSinkFaucet,Jaco,base--jaco+mg_jaco_turn_on_sink,1_5k,act,26.0
TurnOnSinkFaucet,Jaco,base--mg_turn_on_sink_lite,5_0k,act,13.0
TurnOnSinkFaucet,Jaco,base--mg_turn_on_sink_lite,15_0k,act,8.0
TurnOnSinkFaucet,Jaco,base--mg_turn_on_sink_lite,10_0k,act,17.0
TurnOnSinkFaucet,Jaco,aux--jaco+mg_turn_on_sink,2_0k,ee,46.0
TurnOnSinkFaucet,Jaco,aux--jaco+mg_turn_on_sink,2_0k,bbox,39.0
TurnOnSinkFaucet,Jaco,aux--jaco+mg_turn_on_sink,2_0k,act,46.0
TurnOnSinkFaucet,Jaco,aux--jaco+mg_turn_on_sink,2_0k,lm,47.0
TurnOnSinkFaucet,Jaco,aux--jaco+mg_turn_on_sink,1_0k,act,46.0
TurnOnSinkFaucet,Jaco,aux--jaco+mg_turn_on_sink,1_0k,ee,42.0
TurnOnSinkFaucet,Jaco,aux--jaco+mg_turn_on_sink,1_0k,lm,36.0
TurnOnSinkFaucet,Jaco,aux--jaco+mg_turn_on_sink,1_0k,bbox,40.0
TurnOnSinkFaucet,Jaco,aux--jaco+mg_turn_on_sink,1_5k,lm,51.0
TurnOnSinkFaucet,Jaco,aux--jaco+mg_turn_on_sink,1_5k,act,39.0
TurnOnSinkFaucet,Jaco,aux--jaco+mg_turn_on_sink,1_5k,bbox,49.0
TurnOnSinkFaucet,Jaco,aux--jaco+mg_turn_on_sink,1_5k,ee,42.0
TurnOnSinkFaucet,Jaco,base--mg_turn_on_sink,10_0k,act,15.0
TurnOnSinkFaucet,Jaco,base--mg_turn_on_sink,30_0k,act,14.0
TurnOnSinkFaucet,Jaco,base--mg_turn_on_sink,20_0k,act,24.0
TurnOnSinkFaucet,Jaco,aux--jaco+mg_jaco_turn_on_sink,1_0k,act,50.0
TurnOnSinkFaucet,Jaco,aux--jaco+mg_jaco_turn_on_sink,2_0k,act,52.0
TurnOnSinkFaucet,Jaco,aux--jaco+mg_jaco_turn_on_sink,1_5k,act,42.0
TurnOnSinkFaucet,Jaco,aux--jaco_turn_on_sink,1_5k,act,35.0
TurnOnSinkFaucet,Jaco,aux--jaco_turn_on_sink,2_0k,act,35.0
TurnOnSinkFaucet,Jaco,aux--jaco_turn_on_sink,1_0k,act,28.0
TurnOnSinkFaucet,Jaco,base--jaco+mg_turn_on_sink_lite,2_0k,act,19.0
TurnOnSinkFaucet,Jaco,base--jaco+mg_turn_on_sink_lite,1_0k,act,37.0
TurnOnSinkFaucet,Jaco,base--jaco+mg_turn_on_sink_lite,1_5k,act,34.0
TurnOnSinkFaucet,Jaco,base--jaco+mg_turn_on_sink,1_0k,act,48.0
TurnOnSinkFaucet,Jaco,base--jaco+mg_turn_on_sink,2_0k,act,42.0
TurnOnSinkFaucet,Jaco,base--jaco+mg_turn_on_sink,1_5k,act,42.0
TurnOnSinkFaucet,Jaco,aux--mg_turn_on_sink_lite,5_0k,act,30.0
TurnOnSinkFaucet,Jaco,aux--mg_turn_on_sink_lite,15_0k,act,33.0
TurnOnSinkFaucet,Jaco,aux--mg_turn_on_sink_lite,10_0k,act,33.0
TurnOnSinkFaucet,Kinova,aux--mg_turn_on_sink_lite,10_0k,act,29.0
TurnOnSinkFaucet,Kinova,aux--mg_turn_on_sink_lite,5_0k,act,34.0
TurnOnSinkFaucet,Kinova,aux--mg_turn_on_sink_lite,15_0k,act,29.0
TurnOnSinkFaucet,Kinova,base--mg_turn_on_sink_lite,5_0k,act,26.0
TurnOnSinkFaucet,Kinova,base--mg_turn_on_sink_lite,15_0k,act,33.0
TurnOnSinkFaucet,Kinova,base--mg_turn_on_sink_lite,10_0k,act,21.0
TurnOnSinkFaucet,Kinova,aux--mg_turn_on_sink,20_0k,act,45.0
TurnOnSinkFaucet,Kinova,aux--mg_turn_on_sink,30_0k,act,45.0
TurnOnSinkFaucet,Kinova,aux--mg_turn_on_sink,10_0k,act,50.0
TurnOnSinkFaucet,Kinova,base--mg_turn_on_sink,10_0k,act,37.0
TurnOnSinkFaucet,Kinova,base--mg_turn_on_sink,20_0k,act,49.0
TurnOnSinkFaucet,Kinova,base--mg_turn_on_sink,30_0k,act,49.0
TurnOnSinkFaucet,IIWA,base--mg_turn_on_sink_lite,5_0k,act,42.0
TurnOnSinkFaucet,IIWA,base--mg_turn_on_sink_lite,15_0k,act,39.0
TurnOnSinkFaucet,IIWA,base--mg_turn_on_sink_lite,10_0k,act,46.0
TurnOnSinkFaucet,IIWA,aux--mg_turn_on_sink,10_0k,act,80.0
TurnOnSinkFaucet,IIWA,aux--mg_turn_on_sink,30_0k,act,69.0
TurnOnSinkFaucet,IIWA,aux--mg_turn_on_sink,20_0k,act,67.0
TurnOnSinkFaucet,IIWA,aux--mg_turn_on_sink_lite,15_0k,act,68.0
TurnOnSinkFaucet,IIWA,aux--mg_turn_on_sink_lite,10_0k,act,44.0
TurnOnSinkFaucet,IIWA,aux--mg_turn_on_sink_lite,5_0k,act,52.0
TurnOnSinkFaucet,IIWA,base--mg_turn_on_sink,10_0k,act,61.0
TurnOnSinkFaucet,IIWA,base--mg_turn_on_sink,30_0k,act,68.0
TurnOnSinkFaucet,IIWA,base--mg_turn_on_sink,20_0k,act,67.0
PnPSinkToCounter,Panda,aux_old--panda+mg_pnp_lite,1k,act,22.0
PnPSinkToCounter,Panda,aux_old--panda+mg_pnp_lite,3k,act,14.0
PnPSinkToCounter,Panda,aux_old--panda+mg_pnp_lite,2k,act,20.0
PnPSinkToCounter,Panda,chain--mg_pnp_lite,50_0k,act,7.0
PnPSinkToCounter,Panda,chain--mg_pnp_lite,40_0k,act,4.0
PnPSinkToCounter,Panda,chain--mg_pnp_lite,30_0k,act,5.0
PnPSinkToCounter,Panda,base--panda+mg_pnp,3k,act,19.0
PnPSinkToCounter,Panda,base--panda+mg_pnp,2k,act,19.0
PnPSinkToCounter,Panda,base--panda+mg_pnp,1k,act,19.0
PnPSinkToCounter,Panda,base--panda+mg_pnp_lite,1k,act,12.0
PnPSinkToCounter,Panda,base--panda+mg_pnp_lite,2k,act,11.0
PnPSinkToCounter,Panda,base--panda+mg_pnp_lite,3k,act,17.0
PnPSinkToCounter,Panda,base--mg_pnp,200_0k,act,6.0
PnPSinkToCounter,Panda,base--mg_pnp,150k,act,5.0
PnPSinkToCounter,Panda,base--mg_pnp,250_0k,act,7.0
PnPSinkToCounter,Panda,aux--panda+mg_panda_pnp,3_0k,act,41.0
PnPSinkToCounter,Panda,aux--panda+mg_panda_pnp,2_0k,act,42.0
PnPSinkToCounter,Panda,aux--panda+mg_panda_pnp,1_0k,act,28.0
PnPSinkToCounter,Panda,aux_no_act--panda+mg_pnp_lite,3k,act,29.0
PnPSinkToCounter,Panda,aux_no_act--panda+mg_pnp_lite,4k,act,20.0
PnPSinkToCounter,Panda,aux_no_act--panda+mg_pnp_lite,5k,act,31.0
PnPSinkToCounter,Panda,lm--panda+mg_pnp_lite,1k,act,15.0
PnPSinkToCounter,Panda,lm--panda+mg_pnp_lite,2k,act,20.0
PnPSinkToCounter,Panda,lm--panda+mg_pnp_lite,3k,act,12.0
PnPSinkToCounter,Panda,aux--panda+mg_pnp,1k,bbox,49.0
PnPSinkToCounter,Panda,aux--panda+mg_pnp,1k,ee,46.0
PnPSinkToCounter,Panda,aux--panda+mg_pnp,1k,act,43.0
PnPSinkToCounter,Panda,aux--panda+mg_pnp,1k,lm,45.0
PnPSinkToCounter,Panda,aux--panda+mg_pnp,2k,lm,36.0
PnPSinkToCounter,Panda,aux--panda+mg_pnp,2k,act,37.0
PnPSinkToCounter,Panda,aux--panda+mg_pnp,2k,ee,36.0
PnPSinkToCounter,Panda,aux--panda+mg_pnp,2k,bbox,39.0
PnPSinkToCounter,Panda,aux--panda+mg_pnp,3k,act,47.0
PnPSinkToCounter,Panda,aux--panda+mg_pnp,3k,lm,40.0
PnPSinkToCounter,Panda,aux--panda+mg_pnp,3k,bbox,43.0
PnPSinkToCounter,Panda,aux--panda+mg_pnp,3k,ee,56.0
PnPSinkToCounter,Panda,aux--panda_pnp,2k,act,16.0
PnPSinkToCounter,Panda,aux--panda_pnp,3k,act,13.0
PnPSinkToCounter,Panda,aux--panda_pnp,1k,act,13.0
PnPSinkToCounter,Panda,base--panda+mg_panda_pnp,1_0k,act,21.0
PnPSinkToCounter,Panda,base--panda+mg_panda_pnp,3_0k,act,23.0
PnPSinkToCounter,Panda,base--panda+mg_panda_pnp,2_0k,act,23.0
PnPSinkToCounter,Panda,aux--mg_pnp,150_0k,act,19.0
PnPSinkToCounter,Panda,aux--mg_pnp,250k,act,19.0
PnPSinkToCounter,Panda,aux--mg_pnp,200_0k,act,17.0
PnPSinkToCounter,Panda,chain--panda+mg_pnp_lite,1_0k,act,11.0
PnPSinkToCounter,Panda,chain--panda+mg_pnp_lite,3_0k,act,16.0
PnPSinkToCounter,Panda,chain--panda+mg_pnp_lite,2_0k,act,12.0
PnPSinkToCounter,Panda,aux--panda+mg_pnp_lite,3k,act,10.0
PnPSinkToCounter,Panda,aux--panda+mg_pnp_lite,2k,act,25.0
PnPSinkToCounter,Panda,aux--panda+mg_pnp_lite,1k,act,13.0
PnPSinkToCounter,Panda,base--panda_pnp,2k,act,6.0
PnPSinkToCounter,Panda,base--panda_pnp,3k,act,5.0
PnPSinkToCounter,Panda,base--panda_pnp,1k,act,4.0
PnPSinkToCounter,Panda,aux--panda+mg_pnp_lite--image_aug,5k,act_2,23.0
PnPSinkToCounter,Panda,aux--panda+mg_pnp_lite--image_aug,3k,act_2,22.0
PnPSinkToCounter,Panda,aux--panda+mg_pnp_lite--image_aug,1k,act_2,23.0
PnPSinkToCounter,Panda,aux_only--panda+mg_pnp_lite,5k,act,9.0
PnPSinkToCounter,Panda,aux_only--panda+mg_pnp_lite,3k,act,13.0
PnPSinkToCounter,Panda,aux_only--panda+mg_pnp_lite,4k,act,13.0
PnPSinkToCounter,Panda,base--mg_pnp_lite,50k,act,5.0
PnPSinkToCounter,Panda,base--mg_pnp_lite,30_0k,act,3.0
PnPSinkToCounter,Panda,base--mg_pnp_lite,40_0k,act,2.0
PnPSinkToCounter,Panda,bbox--panda+mg_pnp_lite,1k,act,9.0
PnPSinkToCounter,Panda,bbox--panda+mg_pnp_lite,3k,act,15.0
PnPSinkToCounter,Panda,bbox--panda+mg_pnp_lite,2k,act,15.0
PnPSinkToCounter,Panda,ee--panda+mg_pnp_lite,1k,act,19.0
PnPSinkToCounter,Panda,ee--panda+mg_pnp_lite,2k,act,22.0
PnPSinkToCounter,Panda,ee--panda+mg_pnp_lite,3k,act,24.0
PnPSinkToCounter,Panda,aux--mg_pnp_lite,50k,act,15.0
PnPSinkToCounter,Panda,aux--mg_pnp_lite,30_0k,act,14.0
PnPSinkToCounter,Panda,aux--mg_pnp_lite,40_0k,act,5.0
PnPSinkToCounter,UR5e,base--mg_pnp_lite,40k,act,19.0
PnPSinkToCounter,UR5e,base--mg_pnp_lite,50k,act,16.0
PnPSinkToCounter,UR5e,base--mg_pnp_lite,30k,act,26.0
PnPSinkToCounter,UR5e,aux--mg_pnp,200k,act,48.0
PnPSinkToCounter,UR5e,aux--mg_pnp,150k,act,54.0
PnPSinkToCounter,UR5e,aux--mg_ur5e_pnp_lite,30k,act,32.0
PnPSinkToCounter,UR5e,aux--mg_ur5e_pnp_lite,20k,act,36.0
PnPSinkToCounter,UR5e,aux--mg_ur5e_pnp_lite,10k,act,29.0
PnPSinkToCounter,UR5e,base--mg_ur5e_pnp,30k,act,33.0
PnPSinkToCounter,UR5e,base--mg_ur5e_pnp,50k,act,31.0
PnPSinkToCounter,UR5e,base--mg_ur5e_pnp,40k,act,31.0
PnPSinkToCounter,UR5e,base--mg_pnp,250k,act,34.0
PnPSinkToCounter,UR5e,base--mg_pnp,150k,act,37.0
PnPSinkToCounter,UR5e,base--mg_pnp,200k,act,41.0
PnPSinkToCounter,UR5e,aux--mg_ur5e_pnp,50k,act,49.0
PnPSinkToCounter,UR5e,aux--mg_ur5e_pnp,40k,act,52.0
PnPSinkToCounter,UR5e,aux--mg_ur5e_pnp,30k,act,54.0
PnPSinkToCounter,UR5e,base--mg_ur5e_pnp_lite,10k,act,22.0
PnPSinkToCounter,UR5e,base--mg_ur5e_pnp_lite,20k,act,20.0
PnPSinkToCounter,UR5e,base--mg_ur5e_pnp_lite,30k,act,23.0
PnPSinkToCounter,UR5e,aux--mg_pnp_lite,30k,act,37.0
PnPSinkToCounter,UR5e,aux--mg_pnp_lite,40k,act,34.0
PnPSinkToCounter,UR5e,aux--mg_pnp_lite,50k,act,38.0
PnPSinkToCounter,Kinova,aux--mg_pnp,200k,act,46.0
PnPSinkToCounter,Kinova,aux--mg_pnp,150k,ee,51.0
PnPSinkToCounter,Kinova,aux--mg_pnp,150k,bbox,50.0
PnPSinkToCounter,Kinova,aux--mg_pnp,150k,act,57.0
PnPSinkToCounter,Kinova,aux--mg_pnp,150k,lm,54.0
PnPSinkToCounter,Kinova,base--mg_kinova_pnp_lite,20k,act,15.0
PnPSinkToCounter,Kinova,base--mg_kinova_pnp_lite,30k,act,12.0
PnPSinkToCounter,Kinova,base--mg_kinova_pnp_lite,10k,act,19.0
PnPSinkToCounter,Kinova,base--mg_pnp,150k,act,31.0
PnPSinkToCounter,Kinova,base--mg_pnp,250k,act,30.0
PnPSinkToCounter,Kinova,base--mg_pnp,200k,act,32.0
PnPSinkToCounter,Kinova,aux--mg_kinova_pnp,30k,act,49.0
PnPSinkToCounter,Kinova,aux--mg_kinova_pnp,40k,act,50.0
PnPSinkToCounter,Kinova,aux--mg_kinova_pnp,50k,act,49.0
PnPSinkToCounter,Kinova,aux--mg_kinova_pnp_lite,20k,act,36.0
PnPSinkToCounter,Kinova,aux--mg_kinova_pnp_lite,30k,act,34.0
PnPSinkToCounter,Kinova,aux--mg_kinova_pnp_lite,10k,act,41.0
PnPSinkToCounter,Kinova,base--mg_pnp_lite,40k,act,21.0
PnPSinkToCounter,Kinova,base--mg_pnp_lite,50k,act,26.0
PnPSinkToCounter,Kinova,base--mg_pnp_lite,30k,act,23.0
PnPSinkToCounter,Kinova,aux--mg_pnp_lite,50k,act,49.0
PnPSinkToCounter,Kinova,aux--mg_pnp_lite,40k,act,44.0
PnPSinkToCounter,Kinova,aux--mg_pnp_lite,30k,act,42.0
PnPSinkToCounter,Kinova,base--mg_kinova_pnp,30k,act,40.0
PnPSinkToCounter,Kinova,base--mg_kinova_pnp,40k,act,30.0
PnPSinkToCounter,Kinova,base--mg_kinova_pnp,50k,act,32.0
PnPSinkToCounter,PandaOGGripper,base--panda_og_pnp,1_0k,act,1.0
PnPSinkToCounter,PandaOGGripper,base--panda_og_pnp,2_0k,act,2.0
PnPSinkToCounter,PandaOGGripper,base--panda_og_pnp,3_0k,act,0.0
PnPSinkToCounter,PandaOGGripper,base--mg_pnp,250_0k,act,0.0
PnPSinkToCounter,PandaOGGripper,base--mg_pnp,200_0k,act,0.0
PnPSinkToCounter,PandaOGGripper,base--mg_pnp,150_0k,act,0.0
PnPSinkToCounter,PandaOGGripper,base--panda_og+mg_pnp_lite,1_0k,act,5.0
PnPSinkToCounter,PandaOGGripper,base--panda_og+mg_pnp_lite,2_0k,act,6.0
PnPSinkToCounter,PandaOGGripper,base--panda_og+mg_pnp_lite,3_0k,act,6.0
PnPSinkToCounter,PandaOGGripper,lm--panda_og+mg_pnp_lite,1_0k,act,8.0
PnPSinkToCounter,PandaOGGripper,lm--panda_og+mg_pnp_lite,3_0k,act,12.0
PnPSinkToCounter,PandaOGGripper,lm--panda_og+mg_pnp_lite,2_0k,act,7.0
PnPSinkToCounter,PandaOGGripper,aux--panda_og_pnp,1_0k,act,2.0
PnPSinkToCounter,PandaOGGripper,aux--panda_og_pnp,2_0k,act,1.0
PnPSinkToCounter,PandaOGGripper,aux--panda_og_pnp,3_0k,act,4.0
PnPSinkToCounter,PandaOGGripper,ee--panda_og+mg_pnp_lite,1_0k,act,6.0
PnPSinkToCounter,PandaOGGripper,ee--panda_og+mg_pnp_lite,2_0k,act,13.0
PnPSinkToCounter,PandaOGGripper,ee--panda_og+mg_pnp_lite,3_0k,act,6.0
PnPSinkToCounter,PandaOGGripper,aux--panda_og+mg_pnp_lite,3_0k,bbox,8.0
PnPSinkToCounter,PandaOGGripper,aux--panda_og+mg_pnp_lite,3_0k,ee,8.0
PnPSinkToCounter,PandaOGGripper,aux--panda_og+mg_pnp_lite,3_0k,act,8.0
PnPSinkToCounter,PandaOGGripper,aux--panda_og+mg_pnp_lite,3_0k,lm,12.0
PnPSinkToCounter,PandaOGGripper,aux--panda_og+mg_pnp_lite,2_0k,ee,11.0
PnPSinkToCounter,PandaOGGripper,aux--panda_og+mg_pnp_lite,2_0k,bbox,9.0
PnPSinkToCounter,PandaOGGripper,aux--panda_og+mg_pnp_lite,2_0k,act,12.0
PnPSinkToCounter,PandaOGGripper,aux--panda_og+mg_pnp_lite,2_0k,lm,11.0
PnPSinkToCounter,PandaOGGripper,aux--panda_og+mg_pnp_lite,1_0k,ee,6.0
PnPSinkToCounter,PandaOGGripper,aux--panda_og+mg_pnp_lite,1_0k,act,10.0
PnPSinkToCounter,PandaOGGripper,aux--panda_og+mg_pnp_lite,1_0k,lm,8.0
PnPSinkToCounter,PandaOGGripper,aux--panda_og+mg_pnp_lite,1_0k,bbox,11.0
PnPSinkToCounter,PandaOGGripper,chain--panda_og+mg_pnp_lite,3_0k,act,6.0
PnPSinkToCounter,PandaOGGripper,chain--panda_og+mg_pnp_lite,2_0k,act,7.0
PnPSinkToCounter,PandaOGGripper,chain--panda_og+mg_pnp_lite,1_0k,act,8.0
PnPSinkToCounter,PandaOGGripper,aux--mg_pnp,250_0k,act,0.0
PnPSinkToCounter,PandaOGGripper,aux--mg_pnp,150_0k,act,0.0
PnPSinkToCounter,PandaOGGripper,aux--mg_pnp,200_0k,act,0.0
PnPSinkToCounter,PandaOGGripper,base--panda_og+mg_pnp,1_0k,act,6.0
PnPSinkToCounter,PandaOGGripper,base--panda_og+mg_pnp,2_0k,act,1.0
PnPSinkToCounter,PandaOGGripper,base--panda_og+mg_pnp,3_0k,act,3.0
PnPSinkToCounter,PandaOGGripper,base--panda_og+mg_panda_og_pnp,2_0k,act,31.0
PnPSinkToCounter,PandaOGGripper,base--panda_og+mg_panda_og_pnp,3_0k,act,25.0
PnPSinkToCounter,PandaOGGripper,base--panda_og+mg_panda_og_pnp,1_0k,act,33.0
PnPSinkToCounter,PandaOGGripper,bbox--panda_og+mg_pnp_lite,1_0k,act,1.0
PnPSinkToCounter,PandaOGGripper,bbox--panda_og+mg_pnp_lite,2_0k,act,3.0
PnPSinkToCounter,PandaOGGripper,bbox--panda_og+mg_pnp_lite,3_0k,act,8.0
PnPSinkToCounter,PandaOGGripper,aux--panda_og+mg_pnp,1_0k,act,25.0
PnPSinkToCounter,PandaOGGripper,aux--panda_og+mg_pnp,2_0k,act,22.0
PnPSinkToCounter,PandaOGGripper,aux--panda_og+mg_pnp,3_0k,act,16.0
PnPSinkToCounter,PandaOGGripper,aux--panda_og+mg_panda_og_pnp,1_0k,act,53.0
PnPSinkToCounter,PandaOGGripper,aux--panda_og+mg_panda_og_pnp,3_0k,act,48.0
PnPSinkToCounter,PandaOGGripper,aux--panda_og+mg_panda_og_pnp,2_0k,act,42.0
PnPSinkToCounter,PandaOGGripper,aux_no_act--panda_og+mg_pnp_lite,4_0k,act,0.0
PnPSinkToCounter,PandaOGGripper,aux_no_act--panda_og+mg_pnp_lite,5_0k,act,1.0
PnPSinkToCounter,PandaOGGripper,aux_no_act--panda_og+mg_pnp_lite,3_0k,act,0.0
PnPSinkToCounter,Jaco,aux_old--jaco+mg_pnp,2k,act,32.0
PnPSinkToCounter,Jaco,aux_old--jaco+mg_pnp,3k,act,46.0
PnPSinkToCounter,Jaco,aux_old--jaco+mg_pnp,1k,act,40.0
PnPSinkToCounter,Jaco,aux--jaco+mg_jaco_pnp,1_0k,act,58.0
PnPSinkToCounter,Jaco,aux--jaco+mg_jaco_pnp,3_0k,act,48.0
PnPSinkToCounter,Jaco,aux--jaco+mg_jaco_pnp,2_0k,act,56.0
PnPSinkToCounter,Jaco,base--jaco+mg_jaco_pnp,1_0k,act,34.0
PnPSinkToCounter,Jaco,base--jaco+mg_jaco_pnp,2_0k,act,38.0
PnPSinkToCounter,Jaco,base--jaco+mg_jaco_pnp,3_0k,act,36.0
PnPSinkToCounter,Jaco,base--mg_pnp_lite,50k,act,14.0
PnPSinkToCounter,Jaco,base--mg_pnp_lite,30_0k,act,9.0
PnPSinkToCounter,Jaco,base--mg_pnp_lite,40_0k,act,15.0
PnPSinkToCounter,Jaco,lm--jaco+mg_pnp_lite,2k,act,39.0
PnPSinkToCounter,Jaco,lm--jaco+mg_pnp_lite,3k,act,37.0
PnPSinkToCounter,Jaco,lm--jaco+mg_pnp_lite,1k,act,42.0
PnPSinkToCounter,Jaco,chain--mg_pnp_lite,40_0k,act,28.0
PnPSinkToCounter,Jaco,chain--mg_pnp_lite,30_0k,act,35.0
PnPSinkToCounter,Jaco,chain--mg_pnp_lite,50_0k,act,15.0
PnPSinkToCounter,Jaco,base--mg_pnp,200_0k,act,4.0
PnPSinkToCounter,Jaco,base--mg_pnp,250_0k,act,4.0
PnPSinkToCounter,Jaco,base--mg_pnp,150k,act,8.0
PnPSinkToCounter,Jaco,aux--jaco_pnp,1k,act,5.0
PnPSinkToCounter,Jaco,aux--jaco_pnp,2k,act,9.0
PnPSinkToCounter,Jaco,aux--jaco_pnp,3k,act,9.0
PnPSinkToCounter,Jaco,aux_only--jaco+mg_pnp_lite,3k,act,27.0
PnPSinkToCounter,Jaco,aux_only--jaco+mg_pnp_lite,4k,act,34.0
PnPSinkToCounter,Jaco,aux_only--jaco+mg_pnp_lite,5k,act,31.0
PnPSinkToCounter,Jaco,aux--mg_pnp,250k,act,18.0
PnPSinkToCounter,Jaco,aux--mg_pnp,150_0k,act,21.0
PnPSinkToCounter,Jaco,aux--mg_pnp,200_0k,act,13.0
PnPSinkToCounter,Jaco,aux--jaco+mg_pnp,3k,ee,52.0
PnPSinkToCounter,Jaco,aux--jaco+mg_pnp,3k,act,45.0
PnPSinkToCounter,Jaco,aux--jaco+mg_pnp,3k,lm,39.0
PnPSinkToCounter,Jaco,aux--jaco+mg_pnp,3k,bbox,46.0
PnPSinkToCounter,Jaco,aux--jaco+mg_pnp,2k,lm,41.0
PnPSinkToCounter,Jaco,aux--jaco+mg_pnp,2k,act,42.0
PnPSinkToCounter,Jaco,aux--jaco+mg_pnp,2k,ee,39.0
PnPSinkToCounter,Jaco,aux--jaco+mg_pnp,2k,bbox,36.0
PnPSinkToCounter,Jaco,aux--jaco+mg_pnp,1k,ee,37.0
PnPSinkToCounter,Jaco,aux--jaco+mg_pnp,1k,act,40.0
PnPSinkToCounter,Jaco,aux--jaco+mg_pnp,1k,bbox,36.0
PnPSinkToCounter,Jaco,aux--jaco+mg_pnp,1k,lm,47.0
PnPSinkToCounter,Jaco,base--jaco_pnp,2k,act,9.0
PnPSinkToCounter,Jaco,base--jaco_pnp,3k,act,7.0
PnPSinkToCounter,Jaco,base--jaco_pnp,1k,act,4.0
PnPSinkToCounter,Jaco,bbox--jaco+mg_pnp_lite,1k,act,29.0
PnPSinkToCounter,Jaco,bbox--jaco+mg_pnp_lite,2k,act,25.0
PnPSinkToCounter,Jaco,bbox--jaco+mg_pnp_lite,3k,act,31.0
PnPSinkToCounter,Jaco,chain--jaco+mg_pnp_lite,3_0k,act,42.0
PnPSinkToCounter,Jaco,chain--jaco+mg_pnp_lite,2_0k,act,37.0
PnPSinkToCounter,Jaco,chain--jaco+mg_pnp_lite,1_0k,act,34.0
PnPSinkToCounter,Jaco,aux--mg_pnp_lite,50k,act,33.0
PnPSinkToCounter,Jaco,aux--mg_pnp_lite,30_0k,act,52.0
PnPSinkToCounter,Jaco,aux--mg_pnp_lite,40_0k,act,31.0
PnPSinkToCounter,Jaco,ee--jaco+mg_pnp_lite,1k,act,56.0
PnPSinkToCounter,Jaco,ee--jaco+mg_pnp_lite,2k,act,40.0
PnPSinkToCounter,Jaco,ee--jaco+mg_pnp_lite,3k,act,28.0
PnPSinkToCounter,Jaco,base--jaco+mg_pnp_lite,3k,act,17.0
PnPSinkToCounter,Jaco,base--jaco+mg_pnp_lite,2k,act,22.0
PnPSinkToCounter,Jaco,base--jaco+mg_pnp_lite,1k,act,24.0
PnPSinkToCounter,Jaco,aux--jaco+mg_pnp_lite,2k,act,49.0
PnPSinkToCounter,Jaco,aux--jaco+mg_pnp_lite,3k,act,43.0
PnPSinkToCounter,Jaco,aux--jaco+mg_pnp_lite,1k,act,44.0
PnPSinkToCounter,Jaco,aux_no_act--jaco+mg_pnp_lite,5k,act,42.0
PnPSinkToCounter,Jaco,aux_no_act--jaco+mg_pnp_lite,3k,act,42.0
PnPSinkToCounter,Jaco,aux_no_act--jaco+mg_pnp_lite,4k,act,35.0
PnPSinkToCounter,Jaco,base--jaco+mg_pnp,2k,act,17.0
PnPSinkToCounter,Jaco,base--jaco+mg_pnp,3k,act,25.0
PnPSinkToCounter,Jaco,base--jaco+mg_pnp,1k,act_2,33.0
PnPSinkToCounter,Jaco,base--jaco+mg_pnp,1k,act,34.0
PnPSinkToCounter,IIWA,aux--mg_iiwa_pnp,40k,act,33.0
PnPSinkToCounter,IIWA,aux--mg_iiwa_pnp,50k,act,37.0
PnPSinkToCounter,IIWA,aux--mg_iiwa_pnp,30k,act,41.0
PnPSinkToCounter,IIWA,base--mg_pnp,200k,act,36.0
PnPSinkToCounter,IIWA,base--mg_pnp,250k,act,42.0
PnPSinkToCounter,IIWA,base--mg_pnp,150k,act,45.0
PnPSinkToCounter,IIWA,base--mg_iiwa_pnp_lite,10k,act,16.0
PnPSinkToCounter,IIWA,base--mg_iiwa_pnp_lite,30k,act,9.0
PnPSinkToCounter,IIWA,base--mg_iiwa_pnp_lite,20k,act,12.0
PnPSinkToCounter,IIWA,aux--mg_pnp,150k,act,44.0
PnPSinkToCounter,IIWA,aux--mg_pnp,200k,act,40.0
PnPSinkToCounter,IIWA,base--mg_iiwa_pnp,30k,act,25.0
PnPSinkToCounter,IIWA,base--mg_iiwa_pnp,50k,act,28.0
PnPSinkToCounter,IIWA,base--mg_iiwa_pnp,40k,act,29.0
PnPSinkToCounter,IIWA,aux--mg_pnp_lite,50k,act,32.0
PnPSinkToCounter,IIWA,aux--mg_pnp_lite,40k,act,32.0
PnPSinkToCounter,IIWA,aux--mg_pnp_lite,30k,act,26.0
PnPSinkToCounter,IIWA,aux--mg_iiwa_pnp_lite,10k,act,32.0
PnPSinkToCounter,IIWA,aux--mg_iiwa_pnp_lite,30k,act,21.0
PnPSinkToCounter,IIWA,aux--mg_iiwa_pnp_lite,20k,act,32.0
PnPSinkToCounter,IIWA,base--mg_pnp_lite,30k,act,27.0
PnPSinkToCounter,IIWA,base--mg_pnp_lite,40k,act,25.0
PnPSinkToCounter,IIWA,base--mg_pnp_lite,50k,act,27.0
FlipMugUpright,Panda,aux_no_act--panda+mg_flip_mug_lite,1_0k,act,15.0
FlipMugUpright,Panda,aux_no_act--panda+mg_flip_mug_lite,2_0k,act,11.0
FlipMugUpright,Panda,aux_no_act--panda+mg_flip_mug_lite,1_5k,act,14.0
FlipMugUpright,Panda,bbox--panda+mg_flip_mug_lite,1_5k,act,27.0
FlipMugUpright,Panda,bbox--panda+mg_flip_mug_lite,2_0k,act,21.0
FlipMugUpright,Panda,bbox--panda+mg_flip_mug_lite,1_0k,act,28.0
FlipMugUpright,Panda,base--panda_flip_mug,1_5k,act,5.0
FlipMugUpright,Panda,base--panda_flip_mug,1_0k,act,9.0
FlipMugUpright,Panda,base--panda_flip_mug,2_0k,act,3.0
FlipMugUpright,Panda,aux--panda+mg_panda_flip_mug,2_0k,act,46.0
FlipMugUpright,Panda,aux--panda+mg_panda_flip_mug,1_0k,act,38.0
FlipMugUpright,Panda,aux--panda+mg_panda_flip_mug,1_5k,act,43.0
FlipMugUpright,Panda,chain--panda+mg_flip_mug_lite,1_5k,act,30.0
FlipMugUpright,Panda,chain--panda+mg_flip_mug_lite,2_0k,act,21.0
FlipMugUpright,Panda,chain--panda+mg_flip_mug_lite,1_0k,act,26.0
FlipMugUpright,Panda,base--panda+mg_flip_mug_lite,1_5k,act,22.0
FlipMugUpright,Panda,base--panda+mg_flip_mug_lite,1_0k,act,13.0
FlipMugUpright,Panda,base--panda+mg_flip_mug_lite,2_0k,act,16.0
FlipMugUpright,Panda,base--mg_flip_mug,50_0k,act,23.0
FlipMugUpright,Panda,base--mg_flip_mug,30_0k,act,25.0
FlipMugUpright,Panda,base--mg_flip_mug,40_0k,act,24.0
FlipMugUpright,Panda,aux--panda+mg_flip_mug,2_0k,act,58.0
FlipMugUpright,Panda,aux--panda+mg_flip_mug,1_0k,act,63.0
FlipMugUpright,Panda,aux--panda+mg_flip_mug,1_5k,act,61.0
FlipMugUpright,Panda,base--panda+mg_panda_flip_mug,1_5k,act,21.0
FlipMugUpright,Panda,base--panda+mg_panda_flip_mug,1_0k,act,28.0
FlipMugUpright,Panda,base--panda+mg_panda_flip_mug,2_0k,act,24.0
FlipMugUpright,Panda,lm--panda+mg_flip_mug_lite,1_5k,act,24.0
FlipMugUpright,Panda,lm--panda+mg_flip_mug_lite,1_0k,act,15.0
FlipMugUpright,Panda,lm--panda+mg_flip_mug_lite,2_0k,act,20.0
FlipMugUpright,Panda,aux--panda_flip_mug,1_5k,act,8.0
FlipMugUpright,Panda,aux--panda_flip_mug,1_0k,act,1.0
FlipMugUpright,Panda,aux--panda_flip_mug,2_0k,act,5.0
FlipMugUpright,Panda,aux--mg_flip_mug,40_0k,act,45.0
FlipMugUpright,Panda,aux--mg_flip_mug,30_0k,act,43.0
FlipMugUpright,Panda,aux--mg_flip_mug,50_0k,act,39.0
FlipMugUpright,Panda,base--panda+mg_flip_mug,1_0k,act,34.0
FlipMugUpright,Panda,base--panda+mg_flip_mug,2_0k,act,26.0
FlipMugUpright,Panda,base--panda+mg_flip_mug,1_5k,act,42.0
FlipMugUpright,Panda,aux--panda+mg_flip_mug_lite,2_0k,bbox,35.0
FlipMugUpright,Panda,aux--panda+mg_flip_mug_lite,2_0k,lm,31.0
FlipMugUpright,Panda,aux--panda+mg_flip_mug_lite,2_0k,act,37.0
FlipMugUpright,Panda,aux--panda+mg_flip_mug_lite,2_0k,ee,32.0
FlipMugUpright,Panda,aux--panda+mg_flip_mug_lite,1_0k,lm,38.0
FlipMugUpright,Panda,aux--panda+mg_flip_mug_lite,1_0k,ee,31.0
FlipMugUpright,Panda,aux--panda+mg_flip_mug_lite,1_0k,bbox,32.0
FlipMugUpright,Panda,aux--panda+mg_flip_mug_lite,1_0k,act,23.0
FlipMugUpright,Panda,aux--panda+mg_flip_mug_lite,1_5k,act,33.0
FlipMugUpright,Panda,aux--panda+mg_flip_mug_lite,1_5k,bbox,33.0
FlipMugUpright,Panda,aux--panda+mg_flip_mug_lite,1_5k,lm,28.0
FlipMugUpright,Panda,aux--panda+mg_flip_mug_lite,1_5k,ee,34.0
FlipMugUpright,Panda,ee--panda+mg_flip_mug_lite,1_5k,act,34.0
FlipMugUpright,Panda,ee--panda+mg_flip_mug_lite,2_0k,act,35.0
FlipMugUpright,Panda,ee--panda+mg_flip_mug_lite,1_0k,act,35.0
FlipMugUpright,PandaOGGripper,lm--panda_og+mg_flip_mug_lite,1_5k,act,26.0
FlipMugUpright,PandaOGGripper,lm--panda_og+mg_flip_mug_lite,2_0k,act,14.0
FlipMugUpright,PandaOGGripper,lm--panda_og+mg_flip_mug_lite,1_0k,act,25.0
FlipMugUpright,PandaOGGripper,base--panda_og+mg_panda_og_flip_mug,1_0k,act,20.0
FlipMugUpright,PandaOGGripper,base--panda_og+mg_panda_og_flip_mug,2_0k,act,27.0
FlipMugUpright,PandaOGGripper,base--panda_og+mg_panda_og_flip_mug,1_5k,act,11.0
FlipMugUpright,PandaOGGripper,base--panda_og+mg_flip_mug,1_0k,act,18.0
FlipMugUpright,PandaOGGripper,base--panda_og+mg_flip_mug,2_0k,act,17.0
FlipMugUpright,PandaOGGripper,base--panda_og+mg_flip_mug,1_5k,act,11.0
FlipMugUpright,PandaOGGripper,base--panda+mg_flip_mug,1_5k,act,5.0
FlipMugUpright,PandaOGGripper,base--panda+mg_flip_mug,2_0k,act,6.0
FlipMugUpright,PandaOGGripper,base--panda+mg_flip_mug,1_0k,act,4.0
FlipMugUpright,PandaOGGripper,base--panda_og+mg_flip_mug_lite,2_0k,act,15.0
FlipMugUpright,PandaOGGripper,base--panda_og+mg_flip_mug_lite,1_0k,act,13.0
FlipMugUpright,PandaOGGripper,base--panda_og+mg_flip_mug_lite,1_5k,act,11.0
FlipMugUpright,PandaOGGripper,aux--panda_og+mg_flip_mug,1_5k,act,43.0
FlipMugUpright,PandaOGGripper,aux--panda_og+mg_flip_mug,2_0k,act,36.0
FlipMugUpright,PandaOGGripper,aux--panda_og+mg_flip_mug,1_0k,act,32.0
FlipMugUpright,PandaOGGripper,aux--panda+mg_flip_mug,2_0k,act,6.0
FlipMugUpright,PandaOGGripper,aux--panda+mg_flip_mug,1_0k,act,3.0
FlipMugUpright,PandaOGGripper,aux--panda+mg_flip_mug,1_5k,act,4.0
FlipMugUpright,PandaOGGripper,aux--mg_flip_mug,40_0k,act,7.0
FlipMugUpright,PandaOGGripper,aux--mg_flip_mug,30_0k,act,9.0
FlipMugUpright,PandaOGGripper,aux--mg_flip_mug,50_0k,act,4.0
FlipMugUpright,PandaOGGripper,chain--panda_og+mg_flip_mug_lite,1_5k,act,31.0
FlipMugUpright,PandaOGGripper,chain--panda_og+mg_flip_mug_lite,2_0k,act,25.0
FlipMugUpright,PandaOGGripper,chain--panda_og+mg_flip_mug_lite,1_0k,act,20.0
FlipMugUpright,PandaOGGripper,aux--panda_og+mg_panda_og_flip_mug,1_0k,act,35.0
FlipMugUpright,PandaOGGripper,aux--panda_og+mg_panda_og_flip_mug,2_0k,act,27.0
FlipMugUpright,PandaOGGripper,aux--panda_og+mg_panda_og_flip_mug,1_5k,act,30.0
FlipMugUpright,PandaOGGripper,bbox--panda_og+mg_flip_mug_lite,1_5k,act,24.0
FlipMugUpright,PandaOGGripper,bbox--panda_og+mg_flip_mug_lite,2_0k,act,17.0
FlipMugUpright,PandaOGGripper,bbox--panda_og+mg_flip_mug_lite,1_0k,act,19.0
FlipMugUpright,PandaOGGripper,aux_no_act--panda_og+mg_flip_mug_lite,1_5k,act,8.0
FlipMugUpright,PandaOGGripper,aux_no_act--panda_og+mg_flip_mug_lite,1_0k,act,10.0
FlipMugUpright,PandaOGGripper,aux_no_act--panda_og+mg_flip_mug_lite,2_0k,act,17.0
FlipMugUpright,PandaOGGripper,base--panda_og_flip_mug,1_0k,act,13.0
FlipMugUpright,PandaOGGripper,base--panda_og_flip_mug,2_0k,act,9.0
FlipMugUpright,PandaOGGripper,base--panda_og_flip_mug,1_5k,act,7.0
FlipMugUpright,PandaOGGripper,base--mg_flip_mug,50_0k,act,10.0
FlipMugUpright,PandaOGGripper,base--mg_flip_mug,40_0k,act,5.0
FlipMugUpright,PandaOGGripper,base--mg_flip_mug,30_0k,act,9.0
FlipMugUpright,PandaOGGripper,ee--panda_og+mg_flip_mug_lite,1_5k,act,27.0
FlipMugUpright,PandaOGGripper,ee--panda_og+mg_flip_mug_lite,2_0k,act,34.0
FlipMugUpright,PandaOGGripper,ee--panda_og+mg_flip_mug_lite,1_0k,act,25.0
FlipMugUpright,PandaOGGripper,aux--panda_og_flip_mug,1_5k,act,8.0
FlipMugUpright,PandaOGGripper,aux--panda_og_flip_mug,2_0k,act,13.0
FlipMugUpright,PandaOGGripper,aux--panda_og_flip_mug,1_0k,act,10.0
FlipMugUpright,PandaOGGripper,aux--panda_og+mg_flip_mug_lite,1_0k,act,30.0
FlipMugUpright,PandaOGGripper,aux--panda_og+mg_flip_mug_lite,1_0k,lm,32.0
FlipMugUpright,PandaOGGripper,aux--panda_og+mg_flip_mug_lite,1_0k,ee,21.0
FlipMugUpright,PandaOGGripper,aux--panda_og+mg_flip_mug_lite,1_0k,bbox,25.0
FlipMugUpright,PandaOGGripper,aux--panda_og+mg_flip_mug_lite,2_0k,act,23.0
FlipMugUpright,PandaOGGripper,aux--panda_og+mg_flip_mug_lite,2_0k,lm,16.0
FlipMugUpright,PandaOGGripper,aux--panda_og+mg_flip_mug_lite,2_0k,bbox,17.0
FlipMugUpright,PandaOGGripper,aux--panda_og+mg_flip_mug_lite,2_0k,ee,31.0
FlipMugUpright,PandaOGGripper,aux--panda_og+mg_flip_mug_lite,1_5k,lm,26.0
FlipMugUpright,PandaOGGripper,aux--panda_og+mg_flip_mug_lite,1_5k,act,30.0
FlipMugUpright,PandaOGGripper,aux--panda_og+mg_flip_mug_lite,1_5k,ee,32.0
FlipMugUpright,PandaOGGripper,aux--panda_og+mg_flip_mug_lite,1_5k,bbox,21.0
FlipMugUpright,Jaco,aux--jaco+mg_flip_mug_lite,1_5k,act,25.0
FlipMugUpright,Jaco,aux--jaco+mg_flip_mug_lite,1_5k,lm,22.0
FlipMugUpright,Jaco,aux--jaco+mg_flip_mug_lite,1_5k,bbox,22.0
FlipMugUpright,Jaco,aux--jaco+mg_flip_mug_lite,1_5k,ee,17.0
FlipMugUpright,Jaco,aux--jaco+mg_flip_mug_lite,1_0k,ee,21.0
FlipMugUpright,Jaco,aux--jaco+mg_flip_mug_lite,1_0k,bbox,31.0
FlipMugUpright,Jaco,aux--jaco+mg_flip_mug_lite,1_0k,act,27.0
FlipMugUpright,Jaco,aux--jaco+mg_flip_mug_lite,1_0k,lm,22.0
FlipMugUpright,Jaco,aux--jaco+mg_flip_mug_lite,2_0k,act,19.0
FlipMugUpright,Jaco,aux--jaco+mg_flip_mug_lite,2_0k,ee,25.0
FlipMugUpright,Jaco,aux--jaco+mg_flip_mug_lite,2_0k,bbox,21.0
FlipMugUpright,Jaco,aux--jaco+mg_flip_mug_lite,2_0k,lm,22.0
FlipMugUpright,Jaco,aux_no_act--jaco+mg_flip_mug_lite,2_0k,act,1.0
FlipMugUpright,Jaco,aux_no_act--jaco+mg_flip_mug_lite,1_0k,act,0.0
FlipMugUpright,Jaco,aux_no_act--jaco+mg_flip_mug_lite,1_5k,act,0.0
FlipMugUpright,Jaco,bbox--jaco+mg_flip_mug_lite,1_0k,act,19.0
FlipMugUpright,Jaco,bbox--jaco+mg_flip_mug_lite,2_0k,act,14.0
FlipMugUpright,Jaco,bbox--jaco+mg_flip_mug_lite,1_5k,act,18.0
FlipMugUpright,Jaco,lm--jaco+mg_flip_mug_lite,2_0k,act,11.0
FlipMugUpright,Jaco,lm--jaco+mg_flip_mug_lite,1_0k,act,14.0
FlipMugUpright,Jaco,lm--jaco+mg_flip_mug_lite,1_5k,act,12.0
FlipMugUpright,Jaco,chain--jaco+mg_flip_mug_lite,1_5k,act,29.0
FlipMugUpright,Jaco,chain--jaco+mg_flip_mug_lite,2_0k,act,26.0
FlipMugUpright,Jaco,chain--jaco+mg_flip_mug_lite,1_0k,act,28.0
FlipMugUpright,Jaco,base--jaco+mg_flip_mug_lite,2_0k,act,13.0
FlipMugUpright,Jaco,base--jaco+mg_flip_mug_lite,1_0k,act,11.0
FlipMugUpright,Jaco,base--jaco+mg_flip_mug_lite,1_5k,act,13.0
FlipMugUpright,Jaco,aux--jaco_flip_mug,1_0k,act,2.0
FlipMugUpright,Jaco,aux--jaco_flip_mug,2_0k,act,2.0
FlipMugUpright,Jaco,aux--jaco_flip_mug,1_5k,act,5.0
FlipMugUpright,Jaco,base--jaco_flip_mug,2_0k,act,2.0
FlipMugUpright,Jaco,base--jaco_flip_mug,1_0k,act,1.0
FlipMugUpright,Jaco,base--jaco_flip_mug,1_5k,act,2.0
FlipMugUpright,Jaco,ee--jaco+mg_flip_mug_lite,2_0k,act,16.0
FlipMugUpright,Jaco,ee--jaco+mg_flip_mug_lite,1_0k,act,22.0
FlipMugUpright,Jaco,ee--jaco+mg_flip_mug_lite,1_5k,act,19.0
FlipMugUpright,Jaco,base--jaco+mg_flip_mug,1_5k,act,16.0
FlipMugUpright,Jaco,base--jaco+mg_flip_mug,1_0k,act,22.0
FlipMugUpright,Jaco,base--jaco+mg_flip_mug,2_0k,act,18.0
FlipMugUpright,Jaco,aux--jaco+mg_jaco_flip_mug,1_5k,act,51.0
FlipMugUpright,Jaco,aux--jaco+mg_jaco_flip_mug,1_0k,act,46.0
FlipMugUpright,Jaco,aux--jaco+mg_jaco_flip_mug,2_0k,act,35.0
FlipMugUpright,Jaco,aux--mg_flip_mug,50_0k,act,22.0
FlipMugUpright,Jaco,aux--mg_flip_mug,40_0k,act,33.0
FlipMugUpright,Jaco,aux--mg_flip_mug,30_0k,act,36.0
FlipMugUpright,Jaco,aux--jaco+mg_flip_mug,2_0k,act,38.0
FlipMugUpright,Jaco,aux--jaco+mg_flip_mug,1_0k,act,21.0
FlipMugUpright,Jaco,aux--jaco+mg_flip_mug,1_5k,act,29.0
FlipMugUpright,Jaco,base--jaco+mg_jaco_flip_mug,2_0k,act,26.0
FlipMugUpright,Jaco,base--jaco+mg_jaco_flip_mug,1_0k,act,27.0
FlipMugUpright,Jaco,base--jaco+mg_jaco_flip_mug,1_5k,act,29.0
FlipMugUpright,Jaco,base--mg_flip_mug,40_0k,act,25.0
FlipMugUpright,Jaco,base--mg_flip_mug,30_0k,act,16.0
FlipMugUpright,Jaco,base--mg_flip_mug,50_0k,act,18.0
FlipMugUpright,IIWA,base--mg_flip_mug_lite,15_0k,act,21.0
FlipMugUpright,IIWA,base--mg_flip_mug_lite,10_0k,act,24.0
FlipMugUpright,IIWA,base--mg_flip_mug_lite,5_0k,act,21.0
FlipMugUpright,IIWA,aux--mg_flip_mug_lite,5_0k,act,38.0
FlipMugUpright,IIWA,aux--mg_flip_mug_lite,10_0k,act,31.0
FlipMugUpright,IIWA,aux--mg_flip_mug_lite,15_0k,act,24.0
FlipMugUpright,IIWA,aux--mg_flip_mug,50_0k,act,50.0
FlipMugUpright,IIWA,aux--mg_flip_mug,40_0k,act,63.0
FlipMugUpright,IIWA,aux--mg_flip_mug,30_0k,act,65.0
FlipMugUpright,IIWA,base--mg_flip_mug,40_0k,act,41.0
FlipMugUpright,IIWA,base--mg_flip_mug,30_0k,act,47.0
FlipMugUpright,IIWA,base--mg_flip_mug,50_0k,act,42.0
FlipMugUpright,UR5e,aux--mg_flip_mug_lite,10_0k,act,25.0
FlipMugUpright,UR5e,aux--mg_flip_mug_lite,15_0k,act,31.0
FlipMugUpright,UR5e,aux--mg_flip_mug_lite,5_0k,act,36.0
FlipMugUpright,UR5e,base--mg_flip_mug_lite,15_0k,act,18.0
FlipMugUpright,UR5e,base--mg_flip_mug_lite,10_0k,act,26.0
FlipMugUpright,UR5e,base--mg_flip_mug_lite,5_0k,act,21.0
FlipMugUpright,UR5e,base--mg_flip_mug,50_0k,act,41.0
FlipMugUpright,UR5e,base--mg_flip_mug,40_0k,act,40.0
FlipMugUpright,UR5e,base--mg_flip_mug,30_0k,act,31.0
FlipMugUpright,UR5e,aux--mg_flip_mug,40_0k,act,48.0
FlipMugUpright,UR5e,aux--mg_flip_mug,30_0k,act,54.0
FlipMugUpright,UR5e,aux--mg_flip_mug,50_0k,act,58.0
FlipMugUpright,Kinova,aux--mg_flip_mug_lite,5_0k,act,37.0
FlipMugUpright,Kinova,aux--mg_flip_mug_lite,15_0k,act,34.0
FlipMugUpright,Kinova,aux--mg_flip_mug_lite,10_0k,act,21.0
FlipMugUpright,Kinova,base--mg_flip_mug,50_0k,act,33.0
FlipMugUpright,Kinova,base--mg_flip_mug,40_0k,act,37.0
FlipMugUpright,Kinova,base--mg_flip_mug,30_0k,act,42.0
FlipMugUpright,Kinova,base--mg_flip_mug_lite,10_0k,act,25.0
FlipMugUpright,Kinova,base--mg_flip_mug_lite,15_0k,act,20.0
FlipMugUpright,Kinova,base--mg_flip_mug_lite,5_0k,act,23.0
FlipMugUpright,Kinova,aux--mg_flip_mug,40_0k,act,58.0
FlipMugUpright,Kinova,aux--mg_flip_mug,30_0k,act,57.0
FlipMugUpright,Kinova,aux--mg_flip_mug,50_0k,act,53.0
